Date,Price,Volume,Code
20190101,38700,9900267,A005930
20190102,38750,7847664,A005930
20190103,37600,12471493,A005930
20190104,37450,14108958,A005930
20190105,37450,14108958,A005930
20190106,37450,14108958,A005930
20190107,38750,12748997,A005930
20190108,38100,12756554,A005930
20190109,39600,17452708,A005930
20190110,39800,14731699,A005930
20190111,40500,11661063,A005930
20190112,40500,11661063,A005930
20190113,40500,11661063,A005930
20190114,40050,11984996,A005930
20190115,41100,11492756,A005930
20190116,41450,8491595,A005930
20190117,41950,11736903,A005930
20190118,42300,11029256,A005930
20190119,42300,11029256,A005930
20190120,42300,11029256,A005930
20190121,42750,11355701,A005930
20190122,42150,9964356,A005930
20190123,42000,11071079,A005930
20190124,43050,14747623,A005930
20190125,44750,22789395,A005930
20190126,44750,22789395,A005930
20190127,44750,22789395,A005930
20190128,45050,17998914,A005930
20190129,45500,16215017,A005930
20190130,46400,17505980,A005930
20190131,46150,21621145,A005930
20190201,46350,13832454,A005930
20190202,46350,13832454,A005930
20190203,46350,13832454,A005930
20190204,46350,13832454,A005930
20190205,46350,13832454,A005930
20190206,46350,13832454,A005930
20190207,46200,15872001,A005930
20190208,44800,12689196,A005930
20190209,44800,12689196,A005930
20190210,44800,12689196,A005930
20190211,45000,11125044,A005930
20190212,46050,13184367,A005930
20190213,46200,11299738,A005930
20190214,47500,17259341,A005930
20190215,46050,10554643,A005930
20190216,46050,10554643,A005930
20190217,46050,10554643,A005930
20190218,46200,8183728,A005930
20190219,45950,6741395,A005930
20190220,46900,11506720,A005930
20190221,46950,8694009,A005930
20190222,47150,6895772,A005930
20190223,47150,6895772,A005930
20190224,47150,6895772,A005930
20190225,47350,7484716,A005930
20190226,46750,7985547,A005930
20190227,46750,8045211,A005930
20190228,45100,23569321,A005930
20190301,45100,23569321,A005930
20190302,45100,23569321,A005930
20190303,45100,23569321,A005930
20190304,44850,12926539,A005930
20190305,44250,10612405,A005930
20190306,44000,10202544,A005930
20190307,44450,11049749,A005930
20190308,43800,7729069,A005930
20190309,43800,7729069,A005930
20190310,43800,7729069,A005930
20190311,43650,10717408,A005930
20190312,44650,11431977,A005930
20190313,43850,8108343,A005930
20190314,43850,18039161,A005930
20190315,44200,16814163,A005930
20190316,44200,16814163,A005930
20190317,44200,16814163,A005930
20190318,43700,8188876,A005930
20190319,43900,7609563,A005930
20190320,44050,9846242,A005930
20190321,45850,21138016,A005930
20190322,46550,12535911,A005930
20190323,46550,12535911,A005930
20190324,46550,12535911,A005930
20190325,45500,8699728,A005930
20190326,45250,9729811,A005930
20190327,45350,9568081,A005930
20190328,44850,6821306,A005930
20190329,44650,11491713,A005930
20190330,44650,11491713,A005930
20190331,44650,11491713,A005930
20190401,45050,7362129,A005930
20190402,45750,9480688,A005930
20190403,46600,12436570,A005930
20190404,46950,12650168,A005930
20190405,46850,8546339,A005930
20190406,46850,8546339,A005930
20190407,46850,8546339,A005930
20190408,46650,8507909,A005930
20190409,46650,6878761,A005930
20190410,46700,11883995,A005930
20190411,46250,13697399,A005930
20190412,46850,7668936,A005930
20190413,46850,7668936,A005930
20190414,46850,7668936,A005930
20190415,47050,8733019,A005930
20190416,47250,7730881,A005930
20190417,47050,5513658,A005930
20190418,45600,12808747,A005930
20190419,45300,8479710,A005930
20190420,45300,8479710,A005930
20190421,45300,8479710,A005930
20190422,45350,6006957,A005930
20190423,45200,6920566,A005930
20190424,44750,13299267,A005930
20190425,44650,10868965,A005930
20190426,44850,9739982,A005930
20190427,44850,9739982,A005930
20190428,44850,9739982,A005930
20190429,46150,8777517,A005930
20190430,45850,11121273,A005930
20190501,45850,11121273,A005930
20190502,45900,8625126,A005930
20190503,45300,6562916,A005930
20190504,45300,6562916,A005930
20190505,45300,6562916,A005930
20190506,45300,6562916,A005930
20190507,44850,12014907,A005930
20190508,44250,10398754,A005930
20190509,42450,23029718,A005930
20190510,42900,14579512,A005930
20190511,42900,14579512,A005930
20190512,42900,14579512,A005930
20190513,42650,7635079,A005930
20190514,42650,11563730,A005930
20190515,42550,7670185,A005930
20190516,41550,13687828,A005930
20190517,41200,13357951,A005930
20190518,41200,13357951,A005930
20190519,41200,13357951,A005930
20190520,42000,15752397,A005930
20190521,43150,18812133,A005930
20190522,43500,11033339,A005930
20190523,43850,12259006,A005930
20190524,42700,13966305,A005930
20190525,42700,13966305,A005930
20190526,42700,13966305,A005930
20190527,42650,8066669,A005930
20190528,42550,24506881,A005930
20190529,41800,14930618,A005930
20190530,42550,11766018,A005930
20190531,42500,11365999,A005930
20190601,42500,11365999,A005930
20190602,42500,11365999,A005930
20190603,43800,15466580,A005930
20190604,43450,9913497,A005930
20190605,43900,12464135,A005930
20190606,43900,12464135,A005930
20190607,44200,11683682,A005930
20190608,44200,11683682,A005930
20190609,44200,11683682,A005930
20190610,44800,8792182,A005930
20190611,44850,6664872,A005930
20190612,44600,8607439,A005930
20190613,43750,16906541,A005930
20190614,44000,9322873,A005930
20190615,44000,9322873,A005930
20190616,44000,9322873,A005930
20190617,43900,11890424,A005930
20190618,44350,7994928,A005930
20190619,45350,10417690,A005930
20190620,45500,7147785,A005930
20190621,45700,9454913,A005930
20190622,45700,9454913,A005930
20190623,45700,9454913,A005930
20190624,45500,6085066,A005930
20190625,45600,7076774,A005930
20190626,45700,9226097,A005930
20190627,46500,12603534,A005930
20190628,47000,12949231,A005930
20190629,47000,12949231,A005930
20190630,47000,12949231,A005930
20190701,46600,11383522,A005930
20190702,46250,8463073,A005930
20190703,45400,9669368,A005930
20190704,46000,6365573,A005930
20190705,45650,7235395,A005930
20190706,45650,7235395,A005930
20190707,45650,7235395,A005930
20190708,44400,7823843,A005930
20190709,45100,7646421,A005930
20190710,45550,9253930,A005930
20190711,46200,10989751,A005930
20190712,46300,5245804,A005930
20190713,46300,5245804,A005930
20190714,46300,5245804,A005930
20190715,46450,4717226,A005930
20190716,46850,7407824,A005930
20190717,46050,5216602,A005930
20190718,46100,5143554,A005930
20190719,46800,8819393,A005930
20190720,46800,8819393,A005930
20190721,46800,8819393,A005930
20190722,47200,9009109,A005930
20190723,47300,9061381,A005930
20190724,46400,8756522,A005930
20190725,47200,8408838,A005930
20190726,47150,7873886,A005930
20190727,47150,7873886,A005930
20190728,47150,7873886,A005930
20190729,46100,6856846,A005930
20190730,46550,5551014,A005930
20190731,45350,12872916,A005930
20190801,45200,7811181,A005930
20190802,44950,12151374,A005930
20190803,44950,12151374,A005930
20190804,44950,12151374,A005930
20190805,43950,14214086,A005930
20190806,43500,15083824,A005930
20190807,43200,10002533,A005930
20190808,42650,16926881,A005930
20190809,43150,9685147,A005930
20190810,43150,9685147,A005930
20190811,43150,9685147,A005930
20190812,43700,8466169,A005930
20190813,43000,7276979,A005930
20190814,43700,8750135,A005930
20190815,43700,8750135,A005930
20190816,43900,9528115,A005930
20190817,43900,9528115,A005930
20190818,43900,9528115,A005930
20190819,43600,6014218,A005930
20190820,44450,8434205,A005930
20190821,44500,6571717,A005930
20190822,44050,8061177,A005930
20190823,43950,5017381,A005930
20190824,43950,5017381,A005930
20190825,43950,5017381,A005930
20190826,43600,7954949,A005930
20190827,44050,16883932,A005930
20190828,44150,5758333,A005930
20190829,43400,10768862,A005930
20190830,44000,9899073,A005930
20190831,44000,9899073,A005930
20190901,44000,9899073,A005930
20190902,43800,7185537,A005930
20190903,43250,9774941,A005930
20190904,44100,12441837,A005930
20190905,45700,18297430,A005930
20190906,46300,9896562,A005930
20190907,46300,9896562,A005930
20190908,46300,9896562,A005930
20190909,46900,9434157,A005930
20190910,47000,9231792,A005930
20190911,47150,16141619,A005930
20190912,47150,16141619,A005930
20190913,47150,16141619,A005930
20190914,47150,16141619,A005930
20190915,47150,16141619,A005930
20190916,47100,15550926,A005930
20190917,46900,7006280,A005930
20190918,47700,10413027,A005930
20190919,49150,16461413,A005930
20190920,49200,15460210,A005930
20190921,49200,15460210,A005930
20190922,49200,15460210,A005930
20190923,49300,7568553,A005930
20190924,49500,7871955,A005930
20190925,48900,9187141,A005930
20190926,49200,8494756,A005930
20190927,48400,8048041,A005930
20190928,48400,8048041,A005930
20190929,48400,8048041,A005930
20190930,49050,9497119,A005930
20191001,48850,6206035,A005930
20191002,47600,8382463,A005930
20191003,47600,8382463,A005930
20191004,48000,9331695,A005930
20191005,48000,9331695,A005930
20191006,48000,9331695,A005930
20191007,47750,7047273,A005930
20191008,48900,14239367,A005930
20191009,48900,14239367,A005930
20191010,48550,18639855,A005930
20191011,49150,7783275,A005930
20191012,49150,7783275,A005930
20191013,49150,7783275,A005930
20191014,50000,11130635,A005930
20191015,50100,6058105,A005930
20191016,50700,9136282,A005930
20191017,50500,6701380,A005930
20191018,49900,8483106,A005930
20191019,49900,8483106,A005930
20191020,49900,8483106,A005930
20191021,50300,4406531,A005930
20191022,51200,10898729,A005930
20191023,51200,8663880,A005930
20191024,50700,21185785,A005930
20191025,50900,7879897,A005930
20191026,50900,7879897,A005930
20191027,50900,7879897,A005930
20191028,51300,6431522,A005930
20191029,51100,7581629,A005930
20191030,50400,8959435,A005930
20191031,50400,10304777,A005930
20191101,51200,8467846,A005930
20191102,51200,8467846,A005930
20191103,51200,8467846,A005930
20191104,52300,13012411,A005930
20191105,52700,10581034,A005930
20191106,53300,14361133,A005930
20191107,52900,9257116,A005930
20191108,52100,11603290,A005930
20191109,52100,11603290,A005930
20191110,52100,11603290,A005930
20191111,51600,8185952,A005930
20191112,52600,6576148,A005930
20191113,52500,6225196,A005930
20191114,52800,12010018,A005930
20191115,53700,9703360,A005930
20191116,53700,9703360,A005930
20191117,53700,9703360,A005930
20191118,53500,7746554,A005930
20191119,53500,8907177,A005930
20191120,52000,12560070,A005930
20191121,51000,14298646,A005930
20191122,51600,8478310,A005930
20191123,51600,8478310,A005930
20191124,51600,8478310,A005930
20191125,51800,9050625,A005930
20191126,51800,27372226,A005930
20191127,52200,7546261,A005930
20191128,51300,6833885,A005930
20191129,50300,11179334,A005930
20191130,50300,11179334,A005930
20191201,50300,11179334,A005930
20191202,50400,18877252,A005930
20191203,49900,12059812,A005930
20191204,49450,13246549,A005930
20191205,49500,10449715,A005930
20191206,50400,11414563,A005930
20191207,50400,11414563,A005930
20191208,50400,11414563,A005930
20191209,51200,8470627,A005930
20191210,51500,6882771,A005930
20191211,51900,11379521,A005930
20191212,53300,29178697,A005930
20191213,54700,18120261,A005930
20191214,54700,18120261,A005930
20191215,54700,18120261,A005930
20191216,54700,11512405,A005930
20191217,56700,19358433,A005930
20191218,56300,15558208,A005930
20191219,56000,14180520,A005930
20191220,56000,12095519,A005930
20191221,56000,12095519,A005930
20191222,56000,12095519,A005930
20191223,55500,9839252,A005930
20191224,55000,11868463,A005930
20191225,55000,11868463,A005930
20191226,55400,9645034,A005930
20191227,56500,12313056,A005930
20191228,56500,12313056,A005930
20191229,56500,12313056,A005930
20191230,55800,8356767,A005930
20191231,55800,8356767,A005930
20200101,55800,8356767,A005930
20200102,55200,12993228,A005930
20200103,55500,15422255,A005930
20200104,55500,15422255,A005930
20200105,55500,15422255,A005930
20200106,55500,10278951,A005930
20200107,55800,10009778,A005930
20200108,56800,23501171,A005930
20200109,58600,24102579,A005930
20200110,59500,16000170,A005930
20200111,59500,16000170,A005930
20200112,59500,16000170,A005930
20200113,60000,11359139,A005930
20200114,60000,16906295,A005930
20200115,59000,14300928,A005930
20200116,60700,14381774,A005930
20200117,61300,16025661,A005930
20200118,61300,16025661,A005930
20200119,61300,16025661,A005930
20200120,62400,12528855,A005930
20200121,61400,11142693,A005930
20200122,62300,15339565,A005930
20200123,60800,14916555,A005930
20200124,60800,14916555,A005930
20200125,60800,14916555,A005930
20200126,60800,14916555,A005930
20200127,60800,14916555,A005930
20200128,58800,23664541,A005930
20200129,59100,16446102,A005930
20200130,57200,20821939,A005930
20200131,56400,19749457,A005930
20200201,56400,19749457,A005930
20200202,56400,19749457,A005930
20200203,57200,23995260,A005930
20200204,58900,21800192,A005930
20200205,59500,19278165,A005930
20200206,61100,14727159,A005930
20200207,60400,16402493,A005930
20200208,60400,16402493,A005930
20200209,60400,16402493,A005930
20200210,59700,13107121,A005930
20200211,59900,11071231,A005930
20200212,60500,12904207,A005930
20200213,60700,18449775,A005930
20200214,61800,13276067,A005930
20200215,61800,13276067,A005930
20200216,61800,13276067,A005930
20200217,61500,8740596,A005930
20200218,59800,16674266,A005930
20200219,60200,12951496,A005930
20200220,60000,14591924,A005930
20200221,59200,13777393,A005930
20200222,59200,13777393,A005930
20200223,59200,13777393,A005930
20200224,56800,25627537,A005930
20200225,57900,23885408,A005930
20200226,56500,25483102,A005930
20200227,55900,23209541,A005930
20200228,54200,30054227,A005930
20200229,54200,30054227,A005930
20200301,54200,30054227,A005930
20200302,55000,30403412,A005930
20200303,55400,30330295,A005930
20200304,57400,24765728,A005930
20200305,57800,21698990,A005930
20200306,56500,18716656,A005930
20200307,56500,18716656,A005930
20200308,56500,18716656,A005930
20200309,54200,30261485,A005930
20200310,54600,32106554,A005930
20200311,52100,45707281,A005930
20200312,50800,48149999,A005930
20200313,49950,59462933,A005930
20200314,49950,59462933,A005930
20200315,49950,59462933,A005930
20200316,48900,33339821,A005930
20200317,47300,51218151,A005930
20200318,45600,40152623,A005930
20200319,42950,56925513,A005930
20200320,45400,49730008,A005930
20200321,45400,49730008,A005930
20200322,45400,49730008,A005930
20200323,42500,41701626,A005930
20200324,46950,49801908,A005930
20200325,48650,52735922,A005930
20200326,47800,42185129,A005930
20200327,48300,39896178,A005930
20200328,48300,39896178,A005930
20200329,48300,39896178,A005930
20200330,47850,26797395,A005930
20200331,47750,30654261,A005930
20200401,45800,27259532,A005930
20200402,46800,21621076,A005930
20200403,47000,22784682,A005930
20200404,47000,22784682,A005930
20200405,47000,22784682,A005930
20200406,48700,23395726,A005930
20200407,49600,31524034,A005930
20200408,48600,25010314,A005930
20200409,49100,22628058,A005930
20200410,49250,17839111,A005930
20200411,49250,17839111,A005930
20200412,49250,17839111,A005930
20200413,48300,14431800,A005930
20200414,49000,14206216,A005930
20200415,49000,14206216,A005930
20200416,49000,23349760,A005930
20200417,51400,32041675,A005930
20200418,51400,32041675,A005930
20200419,51400,32041675,A005930
20200420,50100,21866354,A005930
20200421,49250,27407543,A005930
20200422,49850,18613864,A005930
20200423,49850,18754442,A005930
20200424,49350,15618347,A005930
20200425,49350,15618347,A005930
20200426,49350,15618347,A005930
20200427,49850,14049471,A005930
20200428,50100,16095399,A005930
20200429,50000,15604533,A005930
20200430,50000,15604533,A005930
20200501,50000,15604533,A005930
20200502,50000,15604533,A005930
20200503,50000,15604533,A005930
20200504,48500,26083749,A005930
20200505,48500,26083749,A005930
20200506,49200,18070225,A005930
20200507,48800,13884411,A005930
20200508,48800,15319700,A005930
20200509,48800,15319700,A005930
20200510,48800,15319700,A005930
20200511,48400,16357743,A005930
20200512,47900,23433590,A005930
20200513,48550,20223277,A005930
20200514,48000,19305974,A005930
20200515,47850,18463118,A005930
20200516,47850,18463118,A005930
20200517,47850,18463118,A005930
20200518,48800,20481981,A005930
20200519,50300,25168295,A005930
20200520,50000,14896899,A005930
20200521,49950,14949266,A005930
20200522,48750,19706284,A005930
20200523,48750,19706284,A005930
20200524,48750,19706284,A005930
20200525,48850,14337913,A005930
20200526,49250,15127490,A005930
20200527,49900,19548479,A005930
20200528,50400,31309318,A005930
20200529,50700,27596961,A005930
20200530,50700,27596961,A005930
20200531,50700,27596961,A005930
20200601,51200,16949183,A005930
20200602,51400,14247933,A005930
20200603,54500,49257814,A005930
20200604,54600,40220334,A005930
20200605,55500,22743629,A005930
20200606,55500,22743629,A005930
20200607,55500,22743629,A005930
20200608,54900,25634965,A005930
20200609,55500,23998831,A005930
20200610,55400,16742493,A005930
20200611,54300,33815123,A005930
20200612,52300,26976019,A005930
20200613,52300,26976019,A005930
20200614,52300,26976019,A005930
20200615,49900,28772921,A005930
20200616,52100,21808375,A005930
20200617,52200,26672595,A005930
20200618,52300,15982926,A005930
20200619,52900,18157985,A005930
20200620,52900,18157985,A005930
20200621,52900,18157985,A005930
20200622,52000,13801350,A005930
20200623,51400,18086152,A005930
20200624,52900,24519552,A005930
20200625,51900,18541624,A005930
20200626,53300,21575360,A005930
20200627,53300,21575360,A005930
20200628,53300,21575360,A005930
20200629,52400,17776925,A005930
20200630,52800,21157172,A005930
20200701,52600,16706143,A005930
20200702,52900,14142583,A005930
20200703,53600,11887868,A005930
20200704,53600,11887868,A005930
20200705,53600,11887868,A005930
20200706,55000,19856623,A005930
20200707,53400,30760032,A005930
20200708,53000,19664652,A005930
20200709,52800,17054850,A005930
20200710,52700,13714746,A005930
20200711,52700,13714746,A005930
20200712,52700,13714746,A005930
20200713,53400,12240188,A005930
20200714,53800,14269484,A005930
20200715,54700,24051450,A005930
20200716,53800,16779127,A005930
20200717,54400,10096174,A005930
20200718,54400,10096174,A005930
20200719,54400,10096174,A005930
20200720,54200,10507530,A005930
20200721,55300,18297260,A005930
20200722,54700,12885057,A005930
20200723,54100,16214932,A005930
20200724,54200,10994535,A005930
20200725,54200,10994535,A005930
20200726,54200,10994535,A005930
20200727,55600,21054421,A005930
20200728,58600,48431566,A005930
20200729,59000,36476611,A005930
20200730,59000,19285354,A005930
20200731,57900,21943345,A005930
20200801,57900,21943345,A005930
20200802,57900,21943345,A005930
20200803,56800,21158940,A005930
20200804,57300,19419694,A005930
20200805,56900,17739706,A005930
20200806,58000,21625874,A005930
20200807,57500,18751717,A005930
20200808,57500,18751717,A005930
20200809,57500,18751717,A005930
20200810,57800,17774291,A005930
20200811,58200,24907912,A005930
20200812,59000,18573934,A005930
20200813,58700,22089460,A005930
20200814,58000,15672548,A005930
20200815,58000,15672548,A005930
20200816,58000,15672548,A005930
20200817,58000,15672548,A005930
20200818,58400,25307825,A005930
20200819,57800,16930719,A005930
20200820,55400,30386029,A005930
20200821,55900,21142288,A005930
20200822,55900,21142288,A005930
20200823,55900,21142288,A005930
20200824,56100,15055896,A005930
20200825,56400,14021705,A005930
20200826,56400,17651593,A005930
20200827,55600,16196568,A005930
20200828,55400,14619888,A005930
20200829,55400,14619888,A005930
20200830,55400,14619888,A005930
20200831,54000,32671367,A005930
20200901,54200,19363117,A005930
20200902,54400,16905723,A005930
20200903,56400,28384920,A005930
20200904,55600,22139109,A005930
20200905,55600,22139109,A005930
20200906,55600,22139109,A005930
20200907,56500,18685880,A005930
20200908,58700,31517520,A005930
20200909,58400,30597399,A005930
20200910,59200,29923293,A005930
20200911,59000,16017098,A005930
20200912,59000,16017098,A005930
20200913,59000,16017098,A005930
20200914,60400,20648281,A005930
20200915,61000,17877075,A005930
20200916,61000,17041444,A005930
20200917,59500,25108356,A005930
20200918,59300,18884571,A005930
20200919,59300,18884571,A005930
20200920,59300,18884571,A005930
20200921,59200,15140387,A005930
20200922,58200,20830381,A005930
20200923,58600,20111398,A005930
20200924,57800,17564020,A005930
20200925,57900,11444683,A005930
20200926,57900,11444683,A005930
20200927,57900,11444683,A005930
20200928,58200,12614080,A005930
20200929,58200,15503563,A005930
20200930,58200,15503563,A005930
20201001,58200,15503563,A005930
20201002,58200,15503563,A005930
20201003,58200,15503563,A005930
20201004,58200,15503563,A005930
20201005,58700,20228289,A005930
20201006,59000,14463826,A005930
20201007,59900,14861838,A005930
20201008,59700,24589924,A005930
20201009,59700,24589924,A005930
20201010,59700,24589924,A005930
20201011,59700,24589924,A005930
20201012,60400,16145837,A005930
20201013,60900,19247631,A005930
20201014,60900,16086716,A005930
20201015,60000,17756232,A005930
20201016,59500,16554190,A005930
20201017,59500,16554190,A005930
20201018,59500,16554190,A005930
20201019,60000,14474985,A005930
20201020,60900,19326115,A005930
20201021,60900,15703443,A005930
20201022,60100,14294095,A005930
20201023,60200,9322232,A005930
20201024,60200,9322232,A005930
20201025,60200,9322232,A005930
20201026,60400,13268226,A005930
20201027,59800,17260416,A005930
20201028,59000,14428882,A005930
20201029,58100,22636966,A005930
20201030,56600,26907844,A005930
20201031,56600,26907844,A005930
20201101,56600,26907844,A005930
20201102,57400,20489076,A005930
20201103,58800,14950919,A005930
20201104,58500,21718561,A005930
20201105,60300,20639475,A005930
20201106,60100,16910230,A005930
20201107,60100,16910230,A005930
20201108,60100,16910230,A005930
20201109,60200,15892961,A005930
20201110,60200,19073552,A005930
20201111,61300,25628510,A005930
20201112,61000,19800573,A005930
20201113,63200,31508829,A005930
20201114,63200,31508829,A005930
20201115,63200,31508829,A005930
20201116,66300,36354334,A005930
20201117,65700,30204089,A005930
20201118,64800,22963790,A005930
20201119,64600,16590290,A005930
20201120,64700,15068682,A005930
20201121,64700,15068682,A005930
20201122,64700,15068682,A005930
20201123,67500,27134398,A005930
20201124,67700,32158235,A005930
20201125,66600,32447065,A005930
20201126,68000,19023323,A005930
20201127,68200,14063434,A005930
20201128,68200,14063434,A005930
20201129,68200,14063434,A005930
20201130,66700,43811016,A005930
20201201,67800,22327173,A005930
20201202,69500,29703942,A005930
20201203,69700,23677989,A005930
20201204,71500,28130533,A005930
20201205,71500,28130533,A005930
20201206,71500,28130533,A005930
20201207,72900,28490496,A005930
20201208,71700,25000338,A005930
20201209,73900,24077996,A005930
20201210,72900,39882928,A005930
20201211,73400,18486672,A005930
20201212,73400,18486672,A005930
20201213,73400,18486672,A005930
20201214,73800,21510415,A005930
20201215,73800,20863671,A005930
20201216,73800,17512081,A005930
20201217,73300,24293214,A005930
20201218,73000,17613029,A005930
20201219,73000,17613029,A005930
20201220,73000,17613029,A005930
20201221,73000,20367355,A005930
20201222,72300,16304910,A005930
20201223,73900,19411326,A005930
20201224,77800,32502870,A005930
20201225,77800,32502870,A005930
20201226,77800,32502870,A005930
20201227,77800,32502870,A005930
20201228,78700,40085044,A005930
20201229,78300,30339449,A005930
20201230,81000,29417421,A005930
20201231,81000,29417421,A005930
20210101,81000,29417421,A005930
20190101,60500,1647462,A000660
20190102,60600,1934295,A000660
20190103,57700,3337621,A000660
20190104,58300,3388087,A000660
20190105,58300,3388087,A000660
20190106,58300,3388087,A000660
20190107,58700,2273750,A000660
20190108,59200,3062192,A000660
20190109,63600,4928656,A000660
20190110,65300,6034432,A000660
20190111,65100,2890639,A000660
20190112,65100,2890639,A000660
20190113,65100,2890639,A000660
20190114,62100,3282892,A000660
20190115,64000,2413868,A000660
20190116,64800,2478497,A000660
20190117,64900,2830122,A000660
20190118,64600,2263599,A000660
20190119,64600,2263599,A000660
20190120,64600,2263599,A000660
20190121,67000,3977425,A000660
20190122,66600,4047917,A000660
20190123,66800,2825017,A000660
20190124,70500,6914092,A000660
20190125,74600,7163871,A000660
20190126,74600,7163871,A000660
20190127,74600,7163871,A000660
20190128,71800,4972189,A000660
20190129,73400,3368642,A000660
20190130,75900,5304841,A000660
20190131,73900,4447535,A000660
20190201,75900,3349965,A000660
20190202,75900,3349965,A000660
20190203,75900,3349965,A000660
20190204,75900,3349965,A000660
20190205,75900,3349965,A000660
20190206,75900,3349965,A000660
20190207,76700,4249110,A000660
20190208,73500,4012485,A000660
20190209,73500,4012485,A000660
20190210,73500,4012485,A000660
20190211,74100,3374192,A000660
20190212,75900,3526701,A000660
20190213,76200,2378193,A000660
20190214,77400,2313376,A000660
20190215,73800,4154616,A000660
20190216,73800,4154616,A000660
20190217,73800,4154616,A000660
20190218,74700,1772434,A000660
20190219,73700,1462071,A000660
20190220,75700,3134257,A000660
20190221,76700,2874589,A000660
20190222,76700,1882653,A000660
20190223,76700,1882653,A000660
20190224,76700,1882653,A000660
20190225,75400,2865712,A000660
20190226,75200,2483512,A000660
20190227,73700,2864044,A000660
20190228,70000,7869451,A000660
20190301,70000,7869451,A000660
20190302,70000,7869451,A000660
20190303,70000,7869451,A000660
20190304,70100,4931703,A000660
20190305,69700,3465521,A000660
20190306,68100,4958303,A000660
20190307,68100,3402570,A000660
20190308,66700,3571792,A000660
20190309,66700,3571792,A000660
20190310,66700,3571792,A000660
20190311,66600,2869008,A000660
20190312,67700,2753535,A000660
20190313,66800,2851596,A000660
20190314,67300,3107100,A000660
20190315,68100,3645592,A000660
20190316,68100,3645592,A000660
20190317,68100,3645592,A000660
20190318,67800,2158588,A000660
20190319,68000,2285169,A000660
20190320,70500,3642962,A000660
20190321,75900,10030131,A000660
20190322,76100,5286455,A000660
20190323,76100,5286455,A000660
20190324,76100,5286455,A000660
20190325,72900,3752230,A000660
20190326,72700,2987678,A000660
20190327,73400,2744175,A000660
20190328,72300,2774932,A000660
20190329,74200,3214170,A000660
20190330,74200,3214170,A000660
20190331,74200,3214170,A000660
20190401,76600,3579070,A000660
20190402,76400,2719440,A000660
20190403,79900,4674142,A000660
20190404,78400,5436236,A000660
20190405,79000,2191720,A000660
20190406,79000,2191720,A000660
20190407,79000,2191720,A000660
20190408,77900,2663493,A000660
20190409,77800,2322860,A000660
20190410,78600,2689591,A000660
20190411,78400,2614388,A000660
20190412,78100,2317264,A000660
20190413,78100,2317264,A000660
20190414,78100,2317264,A000660
20190415,79700,2019931,A000660
20190416,80400,2206997,A000660
20190417,80200,2886956,A000660
20190418,79200,3295697,A000660
20190419,81800,3040186,A000660
20190420,81800,3040186,A000660
20190421,81800,3040186,A000660
20190422,80500,1887109,A000660
20190423,81000,1779318,A000660
20190424,78500,5318487,A000660
20190425,80200,5586360,A000660
20190426,78600,5183181,A000660
20190427,78600,5183181,A000660
20190428,78600,5183181,A000660
20190429,80000,2987384,A000660
20190430,79000,2960242,A000660
20190501,79000,2960242,A000660
20190502,80700,3092434,A000660
20190503,80400,2481811,A000660
20190504,80400,2481811,A000660
20190505,80400,2481811,A000660
20190506,80400,2481811,A000660
20190507,79900,2700371,A000660
20190508,80300,2731620,A000660
20190509,76000,5939278,A000660
20190510,74400,5702537,A000660
20190511,74400,5702537,A000660
20190512,74400,5702537,A000660
20190513,73500,3062929,A000660
20190514,74600,3712697,A000660
20190515,74500,2056131,A000660
20190516,71900,3467027,A000660
20190517,71600,2412668,A000660
20190518,71600,2412668,A000660
20190519,71600,2412668,A000660
20190520,70900,1970694,A000660
20190521,70300,3893536,A000660
20190522,68900,3128787,A000660
20190523,68000,3108370,A000660
20190524,67600,3339145,A000660
20190525,67600,3339145,A000660
20190526,67600,3339145,A000660
20190527,66900,2214176,A000660
20190528,65900,12052399,A000660
20190529,66100,6056903,A000660
20190530,65900,3023108,A000660
20190531,65300,3191350,A000660
20190601,65300,3191350,A000660
20190602,65300,3191350,A000660
20190603,66600,4020572,A000660
20190604,65100,2892681,A000660
20190605,65100,4832796,A000660
20190606,65100,4832796,A000660
20190607,65400,2355869,A000660
20190608,65400,2355869,A000660
20190609,65400,2355869,A000660
20190610,66800,3091757,A000660
20190611,67200,2429182,A000660
20190612,65700,2437640,A000660
20190613,63500,5947811,A000660
20190614,63100,3686472,A000660
20190615,63100,3686472,A000660
20190616,63100,3686472,A000660
20190617,63700,2435039,A000660
20190618,63400,1549497,A000660
20190619,67200,6230370,A000660
20190620,67300,2773637,A000660
20190621,65900,2403002,A000660
20190622,65900,2403002,A000660
20190623,65900,2403002,A000660
20190624,66900,2164462,A000660
20190625,66700,1873766,A000660
20190626,68900,5024201,A000660
20190627,70200,5361201,A000660
20190628,69500,3117569,A000660
20190629,69500,3117569,A000660
20190630,69500,3117569,A000660
20190701,70000,3538183,A000660
20190702,71400,2495399,A000660
20190703,69100,2790684,A000660
20190704,70200,1503707,A000660
20190705,68400,2043271,A000660
20190706,68400,2043271,A000660
20190707,68400,2043271,A000660
20190708,67400,2202260,A000660
20190709,69800,2912514,A000660
20190710,72900,4346179,A000660
20190711,75500,5111929,A000660
20190712,74700,2638271,A000660
20190713,74700,2638271,A000660
20190714,74700,2638271,A000660
20190715,76200,2122090,A000660
20190716,76100,2450278,A000660
20190717,74600,2805672,A000660
20190718,74700,1902110,A000660
20190719,76800,2635348,A000660
20190720,76800,2635348,A000660
20190721,76800,2635348,A000660
20190722,78400,3213786,A000660
20190723,78800,4814941,A000660
20190724,77600,3562342,A000660
20190725,79200,3963383,A000660
20190726,79800,3095260,A000660
20190727,79800,3095260,A000660
20190728,79800,3095260,A000660
20190729,77000,2616782,A000660
20190730,78900,2371300,A000660
20190731,76900,3712241,A000660
20190801,77700,3397831,A000660
20190802,76100,4845952,A000660
20190803,76100,4845952,A000660
20190804,76100,4845952,A000660
20190805,75400,2889902,A000660
20190806,72000,5008247,A000660
20190807,73300,2692841,A000660
20190808,72300,2943206,A000660
20190809,73300,2100380,A000660
20190810,73300,2100380,A000660
20190811,73300,2100380,A000660
20190812,74500,1254926,A000660
20190813,74500,1304708,A000660
20190814,76900,2561643,A000660
20190815,76900,2561643,A000660
20190816,76400,2015785,A000660
20190817,76400,2015785,A000660
20190818,76400,2015785,A000660
20190819,75100,1591728,A000660
20190820,76400,1694275,A000660
20190821,75800,1898789,A000660
20190822,73800,2309550,A000660
20190823,74400,1695532,A000660
20190824,74400,1695532,A000660
20190825,74400,1695532,A000660
20190826,71800,2645491,A000660
20190827,73000,2512610,A000660
20190828,73300,1380522,A000660
20190829,73300,2050860,A000660
20190830,77400,3839246,A000660
20190831,77400,3839246,A000660
20190901,77400,3839246,A000660
20190902,77600,1431352,A000660
20190903,77000,1611563,A000660
20190904,80000,2723541,A000660
20190905,83000,4068631,A000660
20190906,81900,2418057,A000660
20190907,81900,2418057,A000660
20190908,81900,2418057,A000660
20190909,84300,2642174,A000660
20190910,83100,1761883,A000660
20190911,82600,3650902,A000660
20190912,82600,3650902,A000660
20190913,82600,3650902,A000660
20190914,82600,3650902,A000660
20190915,82600,3650902,A000660
20190916,79500,5174391,A000660
20190917,79400,2538780,A000660
20190918,80200,2706678,A000660
20190919,82700,3612220,A000660
20190920,82200,2447172,A000660
20190921,82200,2447172,A000660
20190922,82200,2447172,A000660
20190923,82800,1413663,A000660
20190924,83400,1662830,A000660
20190925,81900,1644881,A000660
20190926,83300,1734941,A000660
20190927,81400,2625620,A000660
20190928,81400,2625620,A000660
20190929,81400,2625620,A000660
20190930,82200,2442478,A000660
20191001,82000,2370210,A000660
20191002,79500,2188097,A000660
20191003,79500,2188097,A000660
20191004,80300,2430603,A000660
20191005,80300,2430603,A000660
20191006,80300,2430603,A000660
20191007,80300,1229105,A000660
20191008,80900,1816880,A000660
20191009,80900,1816880,A000660
20191010,79000,4389324,A000660
20191011,80000,2186536,A000660
20191012,80000,2186536,A000660
20191013,80000,2186536,A000660
20191014,80500,1972409,A000660
20191015,81200,1518810,A000660
20191016,82400,2436269,A000660
20191017,81000,1713942,A000660
20191018,77400,13625664,A000660
20191019,77400,13625664,A000660
20191020,77400,13625664,A000660
20191021,77500,2096581,A000660
20191022,79100,3453958,A000660
20191023,77700,5373911,A000660
20191024,80000,3076100,A000660
20191025,82900,4229200,A000660
20191026,82900,4229200,A000660
20191027,82900,4229200,A000660
20191028,82900,1977758,A000660
20191029,83000,1645070,A000660
20191030,81500,1927042,A000660
20191031,82000,1978755,A000660
20191101,83100,1848046,A000660
20191102,83100,1848046,A000660
20191103,83100,1848046,A000660
20191104,84700,2182879,A000660
20191105,85100,1953720,A000660
20191106,83500,2127745,A000660
20191107,83600,1594558,A000660
20191108,82300,2074339,A000660
20191109,82300,2074339,A000660
20191110,82300,2074339,A000660
20191111,81300,2174477,A000660
20191112,83200,1555211,A000660
20191113,83400,1370289,A000660
20191114,83400,1517137,A000660
20191115,85200,2394138,A000660
20191116,85200,2394138,A000660
20191117,85200,2394138,A000660
20191118,85500,1827506,A000660
20191119,85300,2260299,A000660
20191120,82700,3315169,A000660
20191121,80900,3346746,A000660
20191122,81700,2089767,A000660
20191123,81700,2089767,A000660
20191124,81700,2089767,A000660
20191125,81700,2602474,A000660
20191126,82300,4521090,A000660
20191127,82700,1326621,A000660
20191128,82800,1413983,A000660
20191129,80900,2139440,A000660
20191130,80900,2139440,A000660
20191201,80900,2139440,A000660
20191202,80500,1945991,A000660
20191203,78700,11657151,A000660
20191204,77700,6164549,A000660
20191205,78800,3667358,A000660
20191206,80600,3054204,A000660
20191207,80600,3054204,A000660
20191208,80600,3054204,A000660
20191209,80700,2290088,A000660
20191210,80700,1831960,A000660
20191211,80600,2009331,A000660
20191212,83400,5247299,A000660
20191213,87900,5831965,A000660
20191214,87900,5831965,A000660
20191215,87900,5831965,A000660
20191216,88600,2652685,A000660
20191217,92800,5070618,A000660
20191218,93000,3434310,A000660
20191219,93600,4938375,A000660
20191220,95000,2791176,A000660
20191221,95000,2791176,A000660
20191222,95000,2791176,A000660
20191223,94600,1720279,A000660
20191224,93800,1464093,A000660
20191225,93800,1464093,A000660
20191226,94800,1559839,A000660
20191227,96000,2229470,A000660
20191228,96000,2229470,A000660
20191229,96000,2229470,A000660
20191230,94100,1862634,A000660
20191231,94100,1862634,A000660
20200101,94100,1862634,A000660
20200102,94700,2342070,A000660
20200103,94500,3021380,A000660
20200104,94500,3021380,A000660
20200105,94500,3021380,A000660
20200106,94300,2577573,A000660
20200107,94000,2489429,A000660
20200108,97400,7014748,A000660
20200109,99000,3586413,A000660
20200110,98900,2867925,A000660
20200111,98900,2867925,A000660
20200112,98900,2867925,A000660
20200113,100500,2242008,A000660
20200114,100500,2913343,A000660
20200115,98200,2745625,A000660
20200116,99200,2824804,A000660
20200117,99000,2246394,A000660
20200118,99000,2246394,A000660
20200119,99000,2246394,A000660
20200120,99900,1781639,A000660
20200121,99300,1483291,A000660
20200122,101000,2257478,A000660
20200123,98700,2780104,A000660
20200124,98700,2780104,A000660
20200125,98700,2780104,A000660
20200126,98700,2780104,A000660
20200127,98700,2780104,A000660
20200128,96300,3630362,A000660
20200129,97900,2741459,A000660
20200130,94000,3223436,A000660
20200131,93500,4597139,A000660
20200201,93500,4597139,A000660
20200202,93500,4597139,A000660
20200203,94700,3725535,A000660
20200204,97100,3169743,A000660
20200205,97700,2911995,A000660
20200206,100500,2861441,A000660
20200207,99300,1827393,A000660
20200208,99300,1827393,A000660
20200209,99300,1827393,A000660
20200210,98800,1825648,A000660
20200211,99800,1820578,A000660
20200212,100000,2616573,A000660
20200213,102000,3519491,A000660
20200214,104500,1893163,A000660
20200215,104500,1893163,A000660
20200216,104500,1893163,A000660
20200217,105000,1190162,A000660
20200218,102000,2789667,A000660
20200219,103500,2315634,A000660
20200220,104000,3093782,A000660
20200221,103000,4064719,A000660
20200222,103000,4064719,A000660
20200223,103000,4064719,A000660
20200224,99500,5550758,A000660
20200225,98000,6594059,A000660
20200226,94600,6405409,A000660
20200227,92800,4644449,A000660
20200228,87900,8171939,A000660
20200229,87900,8171939,A000660
20200301,87900,8171939,A000660
20200302,92100,6382279,A000660
20200303,92800,5573006,A000660
20200304,94300,4984561,A000660
20200305,94900,4028776,A000660
20200306,92600,3281612,A000660
20200307,92600,3281612,A000660
20200308,92600,3281612,A000660
20200309,86900,6196552,A000660
20200310,89100,6579153,A000660
20200311,85500,5226251,A000660
20200312,82800,8191818,A000660
20200313,82500,8160758,A000660
20200314,82500,8160758,A000660
20200315,82500,8160758,A000660
20200316,80600,5097762,A000660
20200317,80400,7107436,A000660
20200318,73100,7949482,A000660
20200319,69000,11140367,A000660
20200320,74800,8750101,A000660
20200321,74800,8750101,A000660
20200322,74800,8750101,A000660
20200323,69400,8192363,A000660
20200324,78700,7247345,A000660
20200325,84500,8787217,A000660
20200326,80700,7895289,A000660
20200327,83300,8085695,A000660
20200328,83300,8085695,A000660
20200329,83300,8085695,A000660
20200330,83700,5270037,A000660
20200331,83300,5333479,A000660
20200401,78400,6845675,A000660
20200402,80000,5394371,A000660
20200403,79600,3755301,A000660
20200404,79600,3755301,A000660
20200405,79600,3755301,A000660
20200406,83100,5784159,A000660
20200407,85800,6188649,A000660
20200408,84500,3749575,A000660
20200409,85000,3555538,A000660
20200410,84100,3675338,A000660
20200411,84100,3675338,A000660
20200412,84100,3675338,A000660
20200413,81400,3615318,A000660
20200414,82300,3344109,A000660
20200415,82300,3344109,A000660
20200416,81300,4470072,A000660
20200417,84100,6205624,A000660
20200418,84100,6205624,A000660
20200419,84100,6205624,A000660
20200420,82000,5027876,A000660
20200421,81300,5090721,A000660
20200422,83900,5335787,A000660
20200423,82600,6519481,A000660
20200424,81400,3193144,A000660
20200425,81400,3193144,A000660
20200426,81400,3193144,A000660
20200427,82600,3235430,A000660
20200428,83400,3205535,A000660
20200429,83700,3750568,A000660
20200430,83700,3750568,A000660
20200501,83700,3750568,A000660
20200502,83700,3750568,A000660
20200503,83700,3750568,A000660
20200504,81000,5280026,A000660
20200505,81000,5280026,A000660
20200506,82400,3351424,A000660
20200507,82400,2660512,A000660
20200508,85000,5039635,A000660
20200509,85000,5039635,A000660
20200510,85000,5039635,A000660
20200511,84500,2800047,A000660
20200512,85700,3574409,A000660
20200513,83600,5371416,A000660
20200514,80600,6409652,A000660
20200515,81900,4168866,A000660
20200516,81900,4168866,A000660
20200517,81900,4168866,A000660
20200518,81100,5294177,A000660
20200519,82700,4620614,A000660
20200520,84100,3924403,A000660
20200521,83400,2678953,A000660
20200522,81300,3471700,A000660
20200523,81300,3471700,A000660
20200524,81300,3471700,A000660
20200525,81400,2850294,A000660
20200526,81900,3040122,A000660
20200527,81400,2946278,A000660
20200528,83900,9227823,A000660
20200529,81500,6815185,A000660
20200530,81500,6815185,A000660
20200531,81500,6815185,A000660
20200601,83600,4205357,A000660
20200602,83300,3114162,A000660
20200603,88700,11642239,A000660
20200604,87700,6678244,A000660
20200605,90400,4000557,A000660
20200606,90400,4000557,A000660
20200607,90400,4000557,A000660
20200608,91000,3789382,A000660
20200609,89800,3410081,A000660
20200610,90800,3045250,A000660
20200611,88500,5467344,A000660
20200612,85200,4742329,A000660
20200613,85200,4742329,A000660
20200614,85200,4742329,A000660
20200615,82000,4710114,A000660
20200616,85400,3518785,A000660
20200617,86800,4160612,A000660
20200618,86200,2484147,A000660
20200619,85400,3216102,A000660
20200620,85400,3216102,A000660
20200621,85400,3216102,A000660
20200622,84900,2167216,A000660
20200623,84100,2955819,A000660
20200624,86000,4079834,A000660
20200625,84300,3397112,A000660
20200626,84600,2889494,A000660
20200627,84600,2889494,A000660
20200628,84600,2889494,A000660
20200629,83600,2932433,A000660
20200630,85100,4983607,A000660
20200701,85300,2382552,A000660
20200702,84400,3295340,A000660
20200703,85400,2195897,A000660
20200704,85400,2195897,A000660
20200705,85400,2195897,A000660
20200706,86000,2561766,A000660
20200707,84800,3196352,A000660
20200708,83700,3523620,A000660
20200709,83000,4002365,A000660
20200710,82800,2201557,A000660
20200711,82800,2201557,A000660
20200712,82800,2201557,A000660
20200713,83000,2080934,A000660
20200714,82900,2048671,A000660
20200715,83000,3024429,A000660
20200716,82700,2312310,A000660
20200717,82900,1579078,A000660
20200718,82900,1579078,A000660
20200719,82900,1579078,A000660
20200720,82200,2008624,A000660
20200721,84100,4181015,A000660
20200722,83200,2876295,A000660
20200723,82400,3591647,A000660
20200724,83700,3667416,A000660
20200725,83700,3667416,A000660
20200726,83700,3667416,A000660
20200727,82800,2784652,A000660
20200728,83100,4538720,A000660
20200729,83200,3719681,A000660
20200730,85300,6870841,A000660
20200731,82800,4848989,A000660
20200801,82800,4848989,A000660
20200802,82800,4848989,A000660
20200803,81800,3483106,A000660
20200804,81600,3005937,A000660
20200805,80700,4537005,A000660
20200806,81100,3391939,A000660
20200807,80600,4946631,A000660
20200808,80600,4946631,A000660
20200809,80600,4946631,A000660
20200810,81400,3277238,A000660
20200811,81300,3234013,A000660
20200812,81000,3595828,A000660
20200813,80700,4049387,A000660
20200814,80200,2589552,A000660
20200815,80200,2589552,A000660
20200816,80200,2589552,A000660
20200817,80200,2589552,A000660
20200818,78100,4946279,A000660
20200819,75000,8028305,A000660
20200820,71800,7260223,A000660
20200821,74500,7700029,A000660
20200822,74500,7700029,A000660
20200823,74500,7700029,A000660
20200824,75500,4298619,A000660
20200825,77000,3473488,A000660
20200826,78800,4741965,A000660
20200827,79100,4223450,A000660
20200828,77800,2511956,A000660
20200829,77800,2511956,A000660
20200830,77800,2511956,A000660
20200831,75100,5113128,A000660
20200901,75200,2538676,A000660
20200902,75500,2369360,A000660
20200903,78700,7002529,A000660
20200904,78700,4582566,A000660
20200905,78700,4582566,A000660
20200906,78700,4582566,A000660
20200907,78400,2786930,A000660
20200908,79400,3380355,A000660
20200909,77300,3918435,A000660
20200910,76600,3541520,A000660
20200911,78400,2831262,A000660
20200912,78400,2831262,A000660
20200913,78400,2831262,A000660
20200914,80000,4099644,A000660
20200915,81900,5899410,A000660
20200916,81500,3119110,A000660
20200917,82200,4055050,A000660
20200918,83700,5199334,A000660
20200919,83700,5199334,A000660
20200920,83700,5199334,A000660
20200921,84500,4102947,A000660
20200922,81300,4139983,A000660
20200923,83600,4439085,A000660
20200924,84300,6401560,A000660
20200925,82900,3205596,A000660
20200926,82900,3205596,A000660
20200927,82900,3205596,A000660
20200928,82500,3154068,A000660
20200929,84000,4707898,A000660
20200930,84000,4707898,A000660
20201001,84000,4707898,A000660
20201002,84000,4707898,A000660
20201003,84000,4707898,A000660
20201004,84000,4707898,A000660
20201005,83200,3396894,A000660
20201006,83000,2750145,A000660
20201007,83400,2254356,A000660
20201008,82900,3330824,A000660
20201009,82900,3330824,A000660
20201010,82900,3330824,A000660
20201011,82900,3330824,A000660
20201012,85500,4464264,A000660
20201013,88200,6375448,A000660
20201014,86500,3223767,A000660
20201015,87100,2802900,A000660
20201016,85300,2435541,A000660
20201017,85300,2435541,A000660
20201018,85300,2435541,A000660
20201019,86700,3150011,A000660
20201020,85200,6622637,A000660
20201021,83800,4925877,A000660
20201022,83300,2593975,A000660
20201023,83900,2609595,A000660
20201024,83900,2609595,A000660
20201025,83900,2609595,A000660
20201026,83200,1662847,A000660
20201027,82600,2265817,A000660
20201028,82900,1773556,A000660
20201029,81700,2637314,A000660
20201030,79900,2710477,A000660
20201031,79900,2710477,A000660
20201101,79900,2710477,A000660
20201102,79600,2000394,A000660
20201103,81400,2057723,A000660
20201104,83200,3782296,A000660
20201105,86100,4082325,A000660
20201106,86300,2863808,A000660
20201107,86300,2863808,A000660
20201108,86300,2863808,A000660
20201109,86000,2444330,A000660
20201110,86500,2849783,A000660
20201111,87000,2638617,A000660
20201112,88100,4006433,A000660
20201113,89700,3774278,A000660
20201114,89700,3774278,A000660
20201115,89700,3774278,A000660
20201116,98000,9274278,A000660
20201117,98100,5218295,A000660
20201118,98000,3734037,A000660
20201119,98200,2766688,A000660
20201120,96800,2424003,A000660
20201121,96800,2424003,A000660
20201122,96800,2424003,A000660
20201123,100000,4149013,A000660
20201124,98600,3766043,A000660
20201125,97200,4081524,A000660
20201126,99400,2933290,A000660
20201127,98800,1976047,A000660
20201128,98800,1976047,A000660
20201129,98800,1976047,A000660
20201130,97500,3877841,A000660
20201201,100500,4455519,A000660
20201202,109000,7488361,A000660
20201203,111500,6617912,A000660
20201204,115000,8258814,A000660
20201205,115000,8258814,A000660
20201206,115000,8258814,A000660
20201207,118000,5191354,A000660
20201208,115000,4536460,A000660
20201209,120500,5490760,A000660
20201210,116500,8205744,A000660
20201211,115500,3944552,A000660
20201212,115500,3944552,A000660
20201213,115500,3944552,A000660
20201214,117000,3066761,A000660
20201215,117500,2755902,A000660
20201216,117500,2213552,A000660
20201217,119500,3649945,A000660
20201218,118500,3010798,A000660
20201219,118500,3010798,A000660
20201220,118500,3010798,A000660
20201221,116000,3585805,A000660
20201222,112500,4270842,A000660
20201223,116000,3173156,A000660
20201224,118000,3486636,A000660
20201225,118000,3486636,A000660
20201226,118000,3486636,A000660
20201227,118000,3486636,A000660
20201228,115500,4825132,A000660
20201229,116000,4208916,A000660
20201230,118500,4195192,A000660
20201231,118500,4195192,A000660
20210101,118500,4195192,A000660
20190101,347000,107893,A051910
20190102,337000,227694,A051910
20190103,328000,232935,A051910
20190104,330500,146988,A051910
20190105,330500,146988,A051910
20190106,330500,146988,A051910
20190107,343000,322157,A051910
20190108,349500,191633,A051910
20190109,352000,189562,A051910
20190110,347000,160808,A051910
20190111,349000,133523,A051910
20190112,349000,133523,A051910
20190113,349000,133523,A051910
20190114,350500,116345,A051910
20190115,356000,162948,A051910
20190116,366000,338647,A051910
20190117,360000,195538,A051910
20190118,368500,175106,A051910
20190119,368500,175106,A051910
20190120,368500,175106,A051910
20190121,370000,185149,A051910
20190122,366000,168874,A051910
20190123,369000,135604,A051910
20190124,367500,163790,A051910
20190125,373500,179731,A051910
20190126,373500,179731,A051910
20190127,373500,179731,A051910
20190128,374500,169205,A051910
20190129,378000,129353,A051910
20190130,379000,292815,A051910
20190131,368000,366641,A051910
20190201,368000,186088,A051910
20190202,368000,186088,A051910
20190203,368000,186088,A051910
20190204,368000,186088,A051910
20190205,368000,186088,A051910
20190206,368000,186088,A051910
20190207,369500,203911,A051910
20190208,370000,200400,A051910
20190209,370000,200400,A051910
20190210,370000,200400,A051910
20190211,372000,222401,A051910
20190212,371500,161623,A051910
20190213,378000,238938,A051910
20190214,380000,174263,A051910
20190215,380000,176600,A051910
20190216,380000,176600,A051910
20190217,380000,176600,A051910
20190218,391000,391159,A051910
20190219,390000,167684,A051910
20190220,394500,187571,A051910
20190221,387500,196217,A051910
20190222,383500,321536,A051910
20190223,383500,321536,A051910
20190224,383500,321536,A051910
20190225,385500,184192,A051910
20190226,386000,186216,A051910
20190227,392000,203931,A051910
20190228,390500,232429,A051910
20190301,390500,232429,A051910
20190302,390500,232429,A051910
20190303,390500,232429,A051910
20190304,387000,272909,A051910
20190305,373500,301137,A051910
20190306,373000,185818,A051910
20190307,366000,217748,A051910
20190308,364500,241496,A051910
20190309,364500,241496,A051910
20190310,364500,241496,A051910
20190311,361000,176310,A051910
20190312,365500,134842,A051910
20190313,363000,130719,A051910
20190314,370000,218477,A051910
20190315,370500,224707,A051910
20190316,370500,224707,A051910
20190317,370500,224707,A051910
20190318,366000,143247,A051910
20190319,369500,101797,A051910
20190320,363000,197333,A051910
20190321,382000,422078,A051910
20190322,379500,168236,A051910
20190323,379500,168236,A051910
20190324,379500,168236,A051910
20190325,367000,275020,A051910
20190326,366500,126328,A051910
20190327,362500,201938,A051910
20190328,361000,154119,A051910
20190329,366000,142056,A051910
20190330,366000,142056,A051910
20190331,366000,142056,A051910
20190401,370500,170894,A051910
20190402,372000,124592,A051910
20190403,376500,182955,A051910
20190404,376500,117507,A051910
20190405,377500,111499,A051910
20190406,377500,111499,A051910
20190407,377500,111499,A051910
20190408,383500,247069,A051910
20190409,387000,159712,A051910
20190410,389000,172063,A051910
20190411,388500,206847,A051910
20190412,380000,206511,A051910
20190413,380000,206511,A051910
20190414,380000,206511,A051910
20190415,374000,219027,A051910
20190416,373500,144284,A051910
20190417,371000,155525,A051910
20190418,369000,281963,A051910
20190419,366500,110098,A051910
20190420,366500,110098,A051910
20190421,366500,110098,A051910
20190422,370500,164492,A051910
20190423,371000,151790,A051910
20190424,361500,431261,A051910
20190425,365000,281721,A051910
20190426,358500,185237,A051910
20190427,358500,185237,A051910
20190428,358500,185237,A051910
20190429,365000,208561,A051910
20190430,361000,247798,A051910
20190501,361000,247798,A051910
20190502,359000,260801,A051910
20190503,364500,160521,A051910
20190504,364500,160521,A051910
20190505,364500,160521,A051910
20190506,364500,160521,A051910
20190507,358000,190156,A051910
20190508,356000,156763,A051910
20190509,343000,358834,A051910
20190510,344000,243229,A051910
20190511,344000,243229,A051910
20190512,344000,243229,A051910
20190513,333000,229518,A051910
20190514,331500,223147,A051910
20190515,340500,256554,A051910
20190516,335500,224008,A051910
20190517,334000,132312,A051910
20190518,334000,132312,A051910
20190519,334000,132312,A051910
20190520,330000,134913,A051910
20190521,329500,151917,A051910
20190522,332000,96373,A051910
20190523,327000,147111,A051910
20190524,325500,173785,A051910
20190525,325500,173785,A051910
20190526,325500,173785,A051910
20190527,326000,122563,A051910
20190528,326000,288317,A051910
20190529,323000,159476,A051910
20190530,327500,263071,A051910
20190531,333000,222635,A051910
20190601,333000,222635,A051910
20190602,333000,222635,A051910
20190603,337000,156208,A051910
20190604,337500,106548,A051910
20190605,331500,158733,A051910
20190606,331500,158733,A051910
20190607,330500,114979,A051910
20190608,330500,114979,A051910
20190609,330500,114979,A051910
20190610,337000,133998,A051910
20190611,341000,285000,A051910
20190612,337000,141549,A051910
20190613,349000,336019,A051910
20190614,344500,229667,A051910
20190615,344500,229667,A051910
20190616,344500,229667,A051910
20190617,348500,147491,A051910
20190618,345500,187801,A051910
20190619,348500,102094,A051910
20190620,352000,150039,A051910
20190621,348000,121196,A051910
20190622,348000,121196,A051910
20190623,348000,121196,A051910
20190624,348500,84084,A051910
20190625,352000,169316,A051910
20190626,347500,100381,A051910
20190627,349500,172767,A051910
20190628,354500,163529,A051910
20190629,354500,163529,A051910
20190630,354500,163529,A051910
20190701,355000,113228,A051910
20190702,348500,105241,A051910
20190703,355500,220098,A051910
20190704,358500,82751,A051910
20190705,354500,100106,A051910
20190706,354500,100106,A051910
20190707,354500,100106,A051910
20190708,345000,147643,A051910
20190709,337500,194090,A051910
20190710,337500,151141,A051910
20190711,341000,159837,A051910
20190712,344500,128147,A051910
20190713,344500,128147,A051910
20190714,344500,128147,A051910
20190715,347000,102063,A051910
20190716,353000,141257,A051910
20190717,353000,142249,A051910
20190718,356000,145999,A051910
20190719,361500,158745,A051910
20190720,361500,158745,A051910
20190721,361500,158745,A051910
20190722,357000,80333,A051910
20190723,359000,87905,A051910
20190724,353500,102363,A051910
20190725,336000,488905,A051910
20190726,333000,203369,A051910
20190727,333000,203369,A051910
20190728,333000,203369,A051910
20190729,333000,168075,A051910
20190730,334500,95024,A051910
20190731,337500,185273,A051910
20190801,332500,129913,A051910
20190802,331500,151336,A051910
20190803,331500,151336,A051910
20190804,331500,151336,A051910
20190805,315500,234602,A051910
20190806,310000,287938,A051910
20190807,315500,164132,A051910
20190808,318000,182984,A051910
20190809,317000,86491,A051910
20190810,317000,86491,A051910
20190811,317000,86491,A051910
20190812,314000,84452,A051910
20190813,309000,119987,A051910
20190814,323500,192588,A051910
20190815,323500,192588,A051910
20190816,320000,85005,A051910
20190817,320000,85005,A051910
20190818,320000,85005,A051910
20190819,321000,84033,A051910
20190820,324000,75449,A051910
20190821,328000,114378,A051910
20190822,320000,165953,A051910
20190823,329500,178100,A051910
20190824,329500,178100,A051910
20190825,329500,178100,A051910
20190826,323500,179599,A051910
20190827,323000,190393,A051910
20190828,324000,107317,A051910
20190829,325000,70201,A051910
20190830,330500,115040,A051910
20190831,330500,115040,A051910
20190901,330500,115040,A051910
20190902,321500,227172,A051910
20190903,322000,98010,A051910
20190904,321500,137210,A051910
20190905,325000,170296,A051910
20190906,328500,111619,A051910
20190907,328500,111619,A051910
20190908,328500,111619,A051910
20190909,325000,128902,A051910
20190910,322000,150462,A051910
20190911,324000,244506,A051910
20190912,324000,244506,A051910
20190913,324000,244506,A051910
20190914,324000,244506,A051910
20190915,324000,244506,A051910
20190916,324500,319049,A051910
20190917,327500,227963,A051910
20190918,325500,100339,A051910
20190919,327500,108529,A051910
20190920,329000,158169,A051910
20190921,329000,158169,A051910
20190922,329000,158169,A051910
20190923,323500,174354,A051910
20190924,327000,142221,A051910
20190925,305000,962072,A051910
20190926,304500,239641,A051910
20190927,301500,273366,A051910
20190928,301500,273366,A051910
20190929,301500,273366,A051910
20190930,299500,214811,A051910
20191001,304500,190739,A051910
20191002,296500,234302,A051910
20191003,296500,234302,A051910
20191004,296000,167424,A051910
20191005,296000,167424,A051910
20191006,296000,167424,A051910
20191007,289000,284855,A051910
20191008,295500,205540,A051910
20191009,295500,205540,A051910
20191010,297000,224500,A051910
20191011,302500,182446,A051910
20191012,302500,182446,A051910
20191013,302500,182446,A051910
20191014,304000,146205,A051910
20191015,303000,127670,A051910
20191016,303000,169910,A051910
20191017,304000,124636,A051910
20191018,295500,263628,A051910
20191019,295500,263628,A051910
20191020,295500,263628,A051910
20191021,298500,146338,A051910
20191022,298500,250758,A051910
20191023,299500,125797,A051910
20191024,298000,238188,A051910
20191025,301500,255701,A051910
20191026,301500,255701,A051910
20191027,301500,255701,A051910
20191028,302000,141604,A051910
20191029,300000,141589,A051910
20191030,305000,196715,A051910
20191031,307500,236988,A051910
20191101,309000,86443,A051910
20191102,309000,86443,A051910
20191103,309000,86443,A051910
20191104,315000,236514,A051910
20191105,321500,244050,A051910
20191106,317500,201082,A051910
20191107,316500,108717,A051910
20191108,323000,173853,A051910
20191109,323000,173853,A051910
20191110,323000,173853,A051910
20191111,317000,124161,A051910
20191112,317500,62703,A051910
20191113,314500,117232,A051910
20191114,319500,135926,A051910
20191115,317500,130953,A051910
20191116,317500,130953,A051910
20191117,317500,130953,A051910
20191118,316000,88958,A051910
20191119,317500,136513,A051910
20191120,309500,188995,A051910
20191121,305000,156773,A051910
20191122,301000,285700,A051910
20191123,301000,285700,A051910
20191124,301000,285700,A051910
20191125,308500,300005,A051910
20191126,308500,302933,A051910
20191127,309000,100282,A051910
20191128,309000,87936,A051910
20191129,306500,197050,A051910
20191130,306500,197050,A051910
20191201,306500,197050,A051910
20191202,309000,123351,A051910
20191203,309500,97676,A051910
20191204,296500,316394,A051910
20191205,293500,199730,A051910
20191206,294500,155425,A051910
20191207,294500,155425,A051910
20191208,294500,155425,A051910
20191209,295000,150943,A051910
20191210,299000,159077,A051910
20191211,300500,137285,A051910
20191212,300500,246964,A051910
20191213,303000,223170,A051910
20191214,303000,223170,A051910
20191215,303000,223170,A051910
20191216,309000,182481,A051910
20191217,305500,176726,A051910
20191218,307000,207013,A051910
20191219,309000,110138,A051910
20191220,314500,248130,A051910
20191221,314500,248130,A051910
20191222,314500,248130,A051910
20191223,313000,121761,A051910
20191224,312500,224260,A051910
20191225,312500,224260,A051910
20191226,308000,166208,A051910
20191227,310500,149622,A051910
20191228,310500,149622,A051910
20191229,310500,149622,A051910
20191230,317500,168990,A051910
20191231,317500,168990,A051910
20200101,317500,168990,A051910
20200102,314000,139496,A051910
20200103,311000,165030,A051910
20200104,311000,165030,A051910
20200105,311000,165030,A051910
20200106,307000,138154,A051910
20200107,311000,133788,A051910
20200108,302000,225471,A051910
20200109,306500,198621,A051910
20200110,325000,610981,A051910
20200111,325000,610981,A051910
20200112,325000,610981,A051910
20200113,332500,359435,A051910
20200114,333500,425340,A051910
20200115,328500,231766,A051910
20200116,329000,194414,A051910
20200117,333000,221203,A051910
20200118,333000,221203,A051910
20200119,333000,221203,A051910
20200120,354000,556519,A051910
20200121,344500,364883,A051910
20200122,351500,311524,A051910
20200123,348500,260932,A051910
20200124,348500,260932,A051910
20200125,348500,260932,A051910
20200126,348500,260932,A051910
20200127,348500,260932,A051910
20200128,336500,348298,A051910
20200129,335000,272147,A051910
20200130,343500,642288,A051910
20200131,337500,391298,A051910
20200201,337500,391298,A051910
20200202,337500,391298,A051910
20200203,350000,594448,A051910
20200204,379500,995237,A051910
20200205,382000,731711,A051910
20200206,382000,551088,A051910
20200207,386500,392312,A051910
20200208,386500,392312,A051910
20200209,386500,392312,A051910
20200210,387000,291904,A051910
20200211,413500,983089,A051910
20200212,408000,463511,A051910
20200213,411500,448366,A051910
20200214,413500,301730,A051910
20200215,413500,301730,A051910
20200216,413500,301730,A051910
20200217,419500,514355,A051910
20200218,418000,366288,A051910
20200219,404000,766920,A051910
20200220,419000,482732,A051910
20200221,407000,400924,A051910
20200222,407000,400924,A051910
20200223,407000,400924,A051910
20200224,395000,463848,A051910
20200225,399500,478820,A051910
20200226,395000,334971,A051910
20200227,388000,345104,A051910
20200228,368000,643995,A051910
20200229,368000,643995,A051910
20200301,368000,643995,A051910
20200302,377000,514325,A051910
20200303,386500,547921,A051910
20200304,392000,478790,A051910
20200305,406000,645954,A051910
20200306,400000,357631,A051910
20200307,400000,357631,A051910
20200308,400000,357631,A051910
20200309,374000,611394,A051910
20200310,373500,660399,A051910
20200311,365000,447847,A051910
20200312,341500,1041370,A051910
20200313,340500,899561,A051910
20200314,340500,899561,A051910
20200315,340500,899561,A051910
20200316,312500,747892,A051910
20200317,306500,819960,A051910
20200318,280000,946373,A051910
20200319,230000,1394682,A051910
20200320,272500,1306067,A051910
20200321,272500,1306067,A051910
20200322,272500,1306067,A051910
20200323,268000,947838,A051910
20200324,288000,966345,A051910
20200325,307500,803831,A051910
20200326,299500,720792,A051910
20200327,303500,648602,A051910
20200328,303500,648602,A051910
20200329,303500,648602,A051910
20200330,303000,473701,A051910
20200331,305000,492967,A051910
20200401,292000,599459,A051910
20200402,291000,688886,A051910
20200403,290500,540101,A051910
20200404,290500,540101,A051910
20200405,290500,540101,A051910
20200406,296500,494846,A051910
20200407,309000,717617,A051910
20200408,313000,616801,A051910
20200409,324500,470177,A051910
20200410,324000,313697,A051910
20200411,324000,313697,A051910
20200412,324000,313697,A051910
20200413,315000,298575,A051910
20200414,326500,436161,A051910
20200415,326500,436161,A051910
20200416,343000,621763,A051910
20200417,362500,753764,A051910
20200418,362500,753764,A051910
20200419,362500,753764,A051910
20200420,351500,504864,A051910
20200421,354000,710608,A051910
20200422,355000,362008,A051910
20200423,361000,343123,A051910
20200424,353500,270535,A051910
20200425,353500,270535,A051910
20200426,353500,270535,A051910
20200427,353500,445576,A051910
20200428,362500,582497,A051910
20200429,376500,566265,A051910
20200430,376500,566265,A051910
20200501,376500,566265,A051910
20200502,376500,566265,A051910
20200503,376500,566265,A051910
20200504,360000,669179,A051910
20200505,360000,669179,A051910
20200506,361000,344167,A051910
20200507,354000,431374,A051910
20200508,352500,678484,A051910
20200509,352500,678484,A051910
20200510,352500,678484,A051910
20200511,346500,629395,A051910
20200512,338000,554982,A051910
20200513,352000,861294,A051910
20200514,344500,399418,A051910
20200515,346500,364374,A051910
20200516,346500,364374,A051910
20200517,346500,364374,A051910
20200518,354000,408948,A051910
20200519,357000,395494,A051910
20200520,362500,358098,A051910
20200521,377500,1033430,A051910
20200522,377000,504011,A051910
20200523,377000,504011,A051910
20200524,377000,504011,A051910
20200525,389500,505854,A051910
20200526,414000,958956,A051910
20200527,395500,622426,A051910
20200528,388500,842769,A051910
20200529,390500,526505,A051910
20200530,390500,526505,A051910
20200531,390500,526505,A051910
20200601,396000,401656,A051910
20200602,395000,390982,A051910
20200603,400500,474692,A051910
20200604,417500,966577,A051910
20200605,434000,865564,A051910
20200606,434000,865564,A051910
20200607,434000,865564,A051910
20200608,434000,684281,A051910
20200609,432500,609988,A051910
20200610,440000,535589,A051910
20200611,463000,1250374,A051910
20200612,462000,1007453,A051910
20200613,462000,1007453,A051910
20200614,462000,1007453,A051910
20200615,428000,851192,A051910
20200616,487500,1156149,A051910
20200617,491500,1390544,A051910
20200618,491000,509457,A051910
20200619,512000,738862,A051910
20200620,512000,738862,A051910
20200621,512000,738862,A051910
20200622,506000,509229,A051910
20200623,504000,516968,A051910
20200624,516000,391402,A051910
20200625,499000,551096,A051910
20200626,501000,473636,A051910
20200627,501000,473636,A051910
20200628,501000,473636,A051910
20200629,489500,454763,A051910
20200630,490500,443059,A051910
20200701,491500,357203,A051910
20200702,496000,362498,A051910
20200703,507000,443404,A051910
20200704,507000,443404,A051910
20200705,507000,443404,A051910
20200706,509000,317805,A051910
20200707,516000,630054,A051910
20200708,513000,358194,A051910
20200709,539000,819218,A051910
20200710,529000,470969,A051910
20200711,529000,470969,A051910
20200712,529000,470969,A051910
20200713,547000,368579,A051910
20200714,534000,441154,A051910
20200715,544000,341645,A051910
20200716,523000,504937,A051910
20200717,516000,540426,A051910
20200718,516000,540426,A051910
20200719,516000,540426,A051910
20200720,511000,318383,A051910
20200721,531000,489307,A051910
20200722,527000,332150,A051910
20200723,532000,270382,A051910
20200724,516000,406633,A051910
20200725,516000,406633,A051910
20200726,516000,406633,A051910
20200727,517000,257568,A051910
20200728,528000,372041,A051910
20200729,527000,315710,A051910
20200730,530000,244581,A051910
20200731,568000,1376453,A051910
20200801,568000,1376453,A051910
20200802,568000,1376453,A051910
20200803,635000,1715295,A051910
20200804,642000,894736,A051910
20200805,670000,917661,A051910
20200806,680000,634951,A051910
20200807,746000,1399982,A051910
20200808,746000,1399982,A051910
20200809,746000,1399982,A051910
20200810,720000,1035305,A051910
20200811,758000,1087515,A051910
20200812,741000,673527,A051910
20200813,737000,970866,A051910
20200814,700000,1160403,A051910
20200815,700000,1160403,A051910
20200816,700000,1160403,A051910
20200817,700000,1160403,A051910
20200818,690000,1051815,A051910
20200819,683000,746732,A051910
20200820,667000,841507,A051910
20200821,699000,1078744,A051910
20200822,699000,1078744,A051910
20200823,699000,1078744,A051910
20200824,702000,574924,A051910
20200825,713000,450237,A051910
20200826,757000,1094918,A051910
20200827,762000,1060767,A051910
20200828,759000,496857,A051910
20200829,759000,496857,A051910
20200830,759000,496857,A051910
20200831,740000,835300,A051910
20200901,743000,645681,A051910
20200902,742000,462821,A051910
20200903,768000,690256,A051910
20200904,743000,773517,A051910
20200905,743000,773517,A051910
20200906,743000,773517,A051910
20200907,720000,635302,A051910
20200908,709000,811834,A051910
20200909,699000,575376,A051910
20200910,713000,541097,A051910
20200911,705000,361882,A051910
20200912,705000,361882,A051910
20200913,705000,361882,A051910
20200914,712000,327850,A051910
20200915,726000,435166,A051910
20200916,687000,958233,A051910
20200917,645000,3408145,A051910
20200918,666000,1775061,A051910
20200919,666000,1775061,A051910
20200920,666000,1775061,A051910
20200921,627000,1239438,A051910
20200922,639000,1209481,A051910
20200923,630000,1271568,A051910
20200924,611000,872924,A051910
20200925,627000,493489,A051910
20200926,627000,493489,A051910
20200927,627000,493489,A051910
20200928,626000,367111,A051910
20200929,654000,677451,A051910
20200930,654000,677451,A051910
20201001,654000,677451,A051910
20201002,654000,677451,A051910
20201003,654000,677451,A051910
20201004,654000,677451,A051910
20201005,659000,443499,A051910
20201006,674000,451956,A051910
20201007,680000,294545,A051910
20201008,692000,564700,A051910
20201009,692000,564700,A051910
20201010,692000,564700,A051910
20201011,692000,564700,A051910
20201012,672000,551057,A051910
20201013,644000,678451,A051910
20201014,628000,725349,A051910
20201015,637000,531454,A051910
20201016,640000,310579,A051910
20201017,640000,310579,A051910
20201018,640000,310579,A051910
20201019,615000,473127,A051910
20201020,621000,483397,A051910
20201021,617000,241633,A051910
20201022,639000,512433,A051910
20201023,650000,405718,A051910
20201024,650000,405718,A051910
20201025,650000,405718,A051910
20201026,646000,264208,A051910
20201027,632000,261388,A051910
20201028,642000,368105,A051910
20201029,651000,386081,A051910
20201030,611000,820454,A051910
20201031,611000,820454,A051910
20201101,611000,820454,A051910
20201102,623000,505856,A051910
20201103,656000,638480,A051910
20201104,650000,472730,A051910
20201105,677000,446583,A051910
20201106,720000,1268197,A051910
20201107,720000,1268197,A051910
20201108,720000,1268197,A051910
20201109,734000,601476,A051910
20201110,702000,563688,A051910
20201111,692000,528736,A051910
20201112,692000,396873,A051910
20201113,705000,388449,A051910
20201114,705000,388449,A051910
20201115,705000,388449,A051910
20201116,677000,573360,A051910
20201117,686000,331899,A051910
20201118,709000,350805,A051910
20201119,721000,356316,A051910
20201120,724000,285042,A051910
20201121,724000,285042,A051910
20201122,724000,285042,A051910
20201123,748000,466506,A051910
20201124,799000,858347,A051910
20201125,788000,780482,A051910
20201126,816000,556575,A051910
20201127,810000,390212,A051910
20201128,810000,390212,A051910
20201129,810000,390212,A051910
20201130,800000,728920,A051910
20201201,809000,404022,A051910
20201202,841000,592081,A051910
20201203,846000,372854,A051910
20201204,846000,375662,A051910
20201205,846000,375662,A051910
20201206,846000,375662,A051910
20201207,816000,498527,A051910
20201208,811000,389335,A051910
20201209,836000,392544,A051910
20201210,817000,615054,A051910
20201211,808000,363164,A051910
20201212,808000,363164,A051910
20201213,808000,363164,A051910
20201214,793000,332473,A051910
20201215,801000,300410,A051910
20201216,819000,321381,A051910
20201217,830000,319523,A051910
20201218,814000,353819,A051910
20201219,814000,353819,A051910
20201220,814000,353819,A051910
20201221,815000,284091,A051910
20201222,797000,306523,A051910
20201223,806000,594211,A051910
20201224,818000,335065,A051910
20201225,818000,335065,A051910
20201226,818000,335065,A051910
20201227,818000,335065,A051910
20201228,814000,264888,A051910
20201229,813000,392849,A051910
20201230,824000,339889,A051910
20201231,824000,339889,A051910
20210101,824000,339889,A051910